test_index,model,method_a,method_b,spearman,iou_top10
3,convnext_base,gradcam,lime,-0.02419,0.18957
3,convnext_base,gradcam,shap,0.04808,0.07753
3,convnext_base,lime,shap,0.00104,0.05933
3,convnext_base,gradcam,random,-0.00592,0.05266
319,convnext_base,gradcam,lime,0.22378,0.13507
319,convnext_base,gradcam,shap,0.03398,0.08172
319,convnext_base,lime,shap,-0.00534,0.06034
319,convnext_base,gradcam,random,-0.0049,0.05211
341,convnext_base,gradcam,lime,0.00763,0.02807
341,convnext_base,gradcam,shap,-0.01486,0.03114
341,convnext_base,lime,shap,-0.00111,0.04575
341,convnext_base,gradcam,random,-0.00215,0.05344
350,convnext_base,gradcam,lime,0.12725,0.08723
350,convnext_base,gradcam,shap,0.05933,0.09231
350,convnext_base,lime,shap,0.01668,0.07132
350,convnext_base,gradcam,random,-0.00389,0.0498
354,convnext_base,gradcam,lime,0.40139,0.29655
354,convnext_base,gradcam,shap,0.07316,0.1361
354,convnext_base,lime,shap,0.0601,0.13136
354,convnext_base,gradcam,random,-0.00178,0.05156
360,convnext_base,gradcam,lime,0.3405,0.01364
360,convnext_base,gradcam,shap,0.06637,0.0877
360,convnext_base,lime,shap,0.02877,0.0735
360,convnext_base,gradcam,random,-0.00654,0.05311
386,convnext_base,gradcam,lime,0.50764,0.08852
386,convnext_base,gradcam,shap,0.09617,0.15294
386,convnext_base,lime,shap,0.05418,0.1278
386,convnext_base,gradcam,random,0.00253,0.05123
581,convnext_base,gradcam,lime,0.39104,0.41304
581,convnext_base,gradcam,shap,0.09689,0.14622
581,convnext_base,lime,shap,0.05633,0.1352
581,convnext_base,gradcam,random,0.0008,0.05101
593,convnext_base,gradcam,lime,0.51851,0.17964
593,convnext_base,gradcam,shap,0.09367,0.15214
593,convnext_base,lime,shap,0.06907,0.12074
593,convnext_base,gradcam,random,0.00626,0.05643
713,convnext_base,gradcam,lime,0.36158,0.06665
713,convnext_base,gradcam,shap,0.12467,0.18158
713,convnext_base,lime,shap,0.05139,0.117
713,convnext_base,gradcam,random,-0.00706,0.0475
718,convnext_base,gradcam,lime,0.12651,0.13932
718,convnext_base,gradcam,shap,0.05525,0.10616
718,convnext_base,lime,shap,0.01837,0.07476
718,convnext_base,gradcam,random,-0.00054,0.05388
725,convnext_base,gradcam,lime,0.36465,0.30736
725,convnext_base,gradcam,shap,0.06267,0.1334
725,convnext_base,lime,shap,0.04477,0.11316
725,convnext_base,gradcam,random,0.00055,0.05244
784,convnext_base,gradcam,lime,0.34222,0.25394
784,convnext_base,gradcam,shap,0.07872,0.15003
784,convnext_base,lime,shap,0.03571,0.08781
784,convnext_base,gradcam,random,0.01731,0.05278
944,convnext_base,gradcam,lime,0.5416,0.38057
944,convnext_base,gradcam,shap,0.13389,0.19938
944,convnext_base,lime,shap,0.0823,0.15493
944,convnext_base,gradcam,random,0.00014,0.05222
1008,convnext_base,gradcam,lime,0.32796,0.01703
1008,convnext_base,gradcam,shap,0.01447,0.08876
1008,convnext_base,lime,shap,0.01756,0.05289
1008,convnext_base,gradcam,random,-0.00093,0.05355
1025,convnext_base,gradcam,lime,0.4489,0.29907
1025,convnext_base,gradcam,shap,0.11933,0.14452
1025,convnext_base,lime,shap,0.0839,0.12237
1025,convnext_base,gradcam,random,0.0042,0.05156
1031,convnext_base,gradcam,lime,0.41413,0.22455
1031,convnext_base,gradcam,shap,0.10494,0.10494
1031,convnext_base,lime,shap,0.05942,0.10959
1031,convnext_base,gradcam,random,-0.00347,0.0509
1037,convnext_base,gradcam,lime,-0.02942,0.0243
1037,convnext_base,gradcam,shap,-0.00053,0.06326
1037,convnext_base,lime,shap,0.02354,0.07384
1037,convnext_base,gradcam,random,-0.00031,0.05399
1039,convnext_base,gradcam,lime,0.49445,0.22351
1039,convnext_base,gradcam,shap,0.02605,0.07858
1039,convnext_base,lime,shap,0.01246,0.06972
1039,convnext_base,gradcam,random,0.00629,0.05477
1067,convnext_base,gradcam,lime,0.19396,0.09053
1067,convnext_base,gradcam,shap,0.0524,0.06202
1067,convnext_base,lime,shap,0.01164,0.0509
1067,convnext_base,gradcam,random,-0.00993,0.04881
1069,convnext_base,gradcam,lime,0.46159,0.24522
1069,convnext_base,gradcam,shap,0.06164,0.08652
1069,convnext_base,lime,shap,0.0358,0.08675
1069,convnext_base,gradcam,random,-0.00602,0.04772
1070,convnext_base,gradcam,lime,0.29707,0.32096
1070,convnext_base,gradcam,shap,0.09276,0.12313
1070,convnext_base,lime,shap,0.03262,0.12628
1070,convnext_base,gradcam,random,0.00091,0.05101
1075,convnext_base,gradcam,lime,0.15907,0.44022
1075,convnext_base,gradcam,shap,0.09833,0.15572
1075,convnext_base,lime,shap,0.04322,0.17728
1075,convnext_base,gradcam,random,-0.00108,0.04936
1076,convnext_base,gradcam,lime,0.29165,0.27125
1076,convnext_base,gradcam,shap,0.04628,0.11464
1076,convnext_base,lime,shap,0.04292,0.12237
1076,convnext_base,gradcam,random,-0.00105,0.04859
1077,convnext_base,gradcam,lime,0.19744,0.42508
1077,convnext_base,gradcam,shap,0.05407,0.12149
1077,convnext_base,lime,shap,0.04801,0.13059
1077,convnext_base,gradcam,random,-0.00562,0.04969
1157,convnext_base,gradcam,lime,0.35811,0.0
1157,convnext_base,gradcam,shap,0.02411,0.07985
1157,convnext_base,lime,shap,0.02043,0.04673
1157,convnext_base,gradcam,random,-0.00294,0.05278
1211,convnext_base,gradcam,lime,0.44462,0.20283
1211,convnext_base,gradcam,shap,0.06675,0.09136
1211,convnext_base,lime,shap,0.0431,0.05677
1211,convnext_base,gradcam,random,-0.00133,0.0509
1377,convnext_base,gradcam,lime,0.26419,0.03668
1377,convnext_base,gradcam,shap,0.03653,0.05766
1377,convnext_base,lime,shap,0.02628,0.06654
1377,convnext_base,gradcam,random,-0.00333,0.05167
1399,convnext_base,gradcam,lime,0.54447,0.22485
1399,convnext_base,gradcam,shap,0.0615,0.07719
1399,convnext_base,lime,shap,0.05355,0.0802
1399,convnext_base,gradcam,random,-0.00189,0.05355
1412,convnext_base,gradcam,lime,0.36718,0.3532
1412,convnext_base,gradcam,shap,0.06705,0.07384
1412,convnext_base,lime,shap,0.03536,0.06495
1412,convnext_base,gradcam,random,0.00599,0.05588
1425,convnext_base,gradcam,lime,0.47177,0.17646
1425,convnext_base,gradcam,shap,0.02545,0.09125
1425,convnext_base,lime,shap,0.01218,0.06034
1425,convnext_base,gradcam,random,0.00749,0.0551
1451,convnext_base,gradcam,lime,0.20862,0.15906
1451,convnext_base,gradcam,shap,0.03693,0.04445
1451,convnext_base,lime,shap,0.03566,0.04477
1451,convnext_base,gradcam,random,5e-05,0.05432
1458,convnext_base,gradcam,lime,0.55633,0.37622
1458,convnext_base,gradcam,shap,0.07812,0.09986
1458,convnext_base,lime,shap,0.04175,0.07603
1458,convnext_base,gradcam,random,0.0037,0.05521
1468,convnext_base,gradcam,lime,0.62244,0.3611
1468,convnext_base,gradcam,shap,0.10635,0.14963
1468,convnext_base,lime,shap,0.07776,0.14088
1468,convnext_base,gradcam,random,-0.00238,0.05244
1478,convnext_base,gradcam,lime,0.3545,0.0266
1478,convnext_base,gradcam,shap,0.03931,0.07488
1478,convnext_base,lime,shap,0.00083,0.03668
1478,convnext_base,gradcam,random,0.00339,0.05266
1484,convnext_base,gradcam,lime,0.55299,0.27936
1484,convnext_base,gradcam,shap,0.08974,0.13136
1484,convnext_base,lime,shap,0.0737,0.14023
1484,convnext_base,gradcam,random,0.00674,0.05167
1489,convnext_base,gradcam,lime,0.29593,0.15439
1489,convnext_base,gradcam,shap,0.04494,0.09398
1489,convnext_base,lime,shap,0.04854,0.07384
1489,convnext_base,gradcam,random,0.00249,0.05443
1515,convnext_base,gradcam,lime,0.38553,0.3149
1515,convnext_base,gradcam,shap,0.11647,0.12754
1515,convnext_base,lime,shap,0.07132,0.11675
1515,convnext_base,gradcam,random,-0.00176,0.05046
1565,convnext_base,gradcam,lime,0.44226,0.27029
1565,convnext_base,gradcam,shap,0.02062,0.07603
1565,convnext_base,lime,shap,0.01384,0.07304
1565,convnext_base,gradcam,random,-0.00268,0.04925
