stage,epoch,train_loss,train_acc,val_loss,val_acc,val_macro_f1,lr,elapsed_sec,is_best
1,1,6.78723,0.1519,5.0521,0.21265,0.14564,0.001,38.0,True
1,2,3.34396,0.38365,3.69272,0.37043,0.30308,0.001,74.1,True
1,3,2.36173,0.5182,2.46666,0.51372,0.42175,0.001,110.0,True
1,4,1.90442,0.5952,2.39037,0.54954,0.4271,0.001,146.2,True
1,5,1.6873,0.6316,2.16839,0.59451,0.48319,0.001,181.9,True
1,6,1.48285,0.65904,2.16208,0.60137,0.50614,0.001,219.0,True
1,7,1.43384,0.67048,1.86633,0.63643,0.52878,0.001,254.9,True
1,8,1.27599,0.70002,1.74771,0.65625,0.51608,0.001,290.9,False
1,9,1.21578,0.71164,1.47026,0.6936,0.56118,0.001,326.6,True
1,10,1.18976,0.71946,1.37975,0.70503,0.57187,0.001,361.1,True
1,11,1.08987,0.73223,1.54492,0.67378,0.51628,0.001,396.0,False
1,12,1.10823,0.72899,1.32528,0.71037,0.57975,0.001,434.4,True
1,13,1.02059,0.74957,1.4837,0.67454,0.54402,0.001,470.0,False
1,14,1.02963,0.75129,1.49136,0.68216,0.58648,0.001,507.1,True
1,15,0.95301,0.76348,1.23763,0.71875,0.59076,0.001,544.3,True
1,16,0.91202,0.77587,1.35659,0.70351,0.57197,0.001,580.4,False
1,17,0.89243,0.76977,1.31455,0.71113,0.57138,0.001,616.1,False
1,18,0.87003,0.77511,1.12595,0.73704,0.60715,0.001,653.4,True
1,19,0.84683,0.7835,1.33516,0.71723,0.58514,0.001,688.8,False
1,20,0.90525,0.77435,1.38401,0.70046,0.56663,0.001,724.6,False
1,21,0.85459,0.78083,1.00978,0.75915,0.63229,0.001,761.0,True
1,22,0.84574,0.7793,1.38005,0.70198,0.59152,0.001,796.9,False
1,23,0.80288,0.79283,1.18577,0.72256,0.59572,0.001,833.9,False
1,24,0.82828,0.78788,1.09828,0.73018,0.60137,0.001,870.4,False
1,25,0.8021,0.78826,1.28533,0.71418,0.59807,0.0001,906.9,False
2,1,0.84722,0.78369,1.02327,0.75534,0.6345,9.995614150494293e-06,988.1,True
2,2,0.63631,0.83209,1.02161,0.77287,0.63438,9.982464296247523e-06,1056.7,False
2,3,0.57239,0.84563,1.04146,0.77134,0.65996,9.960573506572391e-06,1124.9,True
2,4,0.50228,0.85897,0.94338,0.78659,0.67467,9.929980185352525e-06,1192.8,True
2,5,0.48631,0.86602,0.98225,0.78354,0.66044,9.890738003669029e-06,1260.9,False
2,6,0.46097,0.86869,0.94937,0.78659,0.68077,9.842915805643156e-06,1328.7,True
2,7,0.44689,0.88012,0.96726,0.7904,0.66387,9.786597487660336e-06,1396.6,False
2,8,0.3941,0.88641,0.70387,0.83537,0.72826,9.721881851187407e-06,1464.7,True
2,9,0.39884,0.8847,0.94394,0.79878,0.69511,9.648882429441258e-06,1533.2,False
2,10,0.37062,0.88794,0.95712,0.80107,0.68412,9.567727288213005e-06,1601.0,False
2,11,0.34875,0.89384,0.96975,0.79802,0.67896,9.478558801197065e-06,1668.7,False
2,12,0.30124,0.90719,0.72495,0.83765,0.72237,9.381533400219319e-06,1736.1,False
2,13,0.31187,0.90642,0.78413,0.82317,0.73123,9.276821300802536e-06,1803.7,True
2,14,0.27905,0.91347,0.79086,0.81555,0.72449,9.1646062035505e-06,1871.8,False
2,15,0.26824,0.9169,0.87106,0.80793,0.70451,9.04508497187474e-06,1939.6,False
2,16,0.29261,0.91309,0.73665,0.84223,0.75478,8.918467286629201e-06,2007.6,True
2,17,0.28806,0.90909,0.63837,0.85137,0.75598,8.784975278258785e-06,2075.4,True
2,18,0.28637,0.91366,0.74625,0.83003,0.75901,8.64484313710706e-06,2143.6,True
2,19,0.24321,0.92605,0.73393,0.84375,0.76933,8.49831670256683e-06,2212.0,True
2,20,0.25607,0.92072,0.62849,0.85595,0.73522,8.345653031794293e-06,2279.6,False
2,21,0.25045,0.92682,0.79029,0.82698,0.73165,8.187119948743451e-06,2347.7,False
2,22,0.23835,0.92586,0.67248,0.85976,0.74041,8.022995574311878e-06,2415.2,False
2,23,0.21022,0.93539,0.75373,0.83232,0.75511,7.853567838422161e-06,2483.6,False
2,24,0.23724,0.92186,0.68324,0.84451,0.74188,7.679133974894984e-06,2551.9,False
2,25,0.22107,0.93025,0.70737,0.83918,0.74864,7.500000000000001e-06,2619.8,False
2,26,0.23655,0.92796,0.67511,0.85061,0.72925,7.3164801755993105e-06,2687.3,False
2,27,0.20177,0.93711,0.7369,0.84527,0.75526,7.128896457825365e-06,2755.6,False
2,28,0.20029,0.93711,0.65554,0.86509,0.77492,6.937577932260516e-06,2823.4,True
2,29,0.21055,0.9352,0.68089,0.86357,0.79431,6.742860236609078e-06,2891.6,True
2,30,0.20345,0.93463,0.71947,0.85823,0.76099,6.545084971874739e-06,2959.9,False
2,31,0.17814,0.94321,0.63184,0.86814,0.78267,6.3445991030763296e-06,3027.8,False
2,32,0.18723,0.94359,0.72831,0.8529,0.76521,6.14175435055328e-06,3095.3,False
2,33,0.18525,0.94416,0.62397,0.8689,0.78707,5.9369065729286255e-06,3163.1,False
2,34,0.18435,0.93997,0.70761,0.8468,0.72796,5.73041514281206e-06,3231.1,False
2,35,0.19695,0.93901,0.71067,0.85747,0.74992,5.52264231633827e-06,3299.5,False
2,36,0.17367,0.94397,0.61648,0.8689,0.80669,5.313952597646568e-06,3367.8,True
2,37,0.17238,0.94473,0.67211,0.85595,0.76907,5.1047120994167855e-06,3436.1,False
2,38,0.18803,0.94168,0.6131,0.86814,0.7821,4.895287900583217e-06,3504.1,False
2,39,0.16776,0.94473,0.6789,0.85823,0.77216,4.686047402353435e-06,3571.9,False
2,40,0.14451,0.9514,0.66197,0.85899,0.76554,4.477357683661734e-06,3640.0,False
2,41,0.15792,0.94721,0.68791,0.85823,0.74964,4.269584857187944e-06,3707.5,False
2,42,0.14926,0.95102,0.62875,0.8689,0.77242,4.063093427071378e-06,3775.4,False
2,43,0.15567,0.95007,0.67739,0.86966,0.75416,3.858245649446723e-06,3843.1,False
2,44,0.15599,0.95064,0.63348,0.87348,0.78172,3.655400896923674e-06,3911.5,False
2,45,0.15041,0.95254,0.64551,0.86585,0.77563,3.4549150281252644e-06,3979.3,False
2,46,0.15587,0.9493,0.6554,0.87119,0.78414,3.2571397633909257e-06,4047.3,False
2,47,0.16163,0.94911,0.61363,0.86966,0.78777,3.0624220677394862e-06,4115.6,False
2,48,0.15599,0.95159,0.64687,0.87195,0.77398,2.8711035421746377e-06,4183.2,False
2,49,0.16245,0.94911,0.61019,0.87271,0.79324,2.6835198244006933e-06,4251.9,False
2,50,0.1456,0.95674,0.61692,0.87271,0.76911,2.4999999999999998e-06,4319.8,False
2,51,0.14978,0.9514,0.5932,0.87805,0.78024,2.320866025105019e-06,4388.1,False
2,52,0.1488,0.95464,0.66631,0.86509,0.80045,2.146432161577843e-06,4456.6,False
2,53,0.1352,0.95807,0.66725,0.85518,0.74416,1.9770044256881268e-06,4524.1,False
2,54,0.14666,0.95312,0.64951,0.86585,0.78141,1.812880051256552e-06,4591.9,False
2,55,0.13448,0.95712,0.66702,0.87195,0.77631,1.6543469682057097e-06,4659.7,False
2,56,0.14386,0.95712,0.61311,0.87805,0.80101,1.501683297433173e-06,4727.8,False
2,57,0.12777,0.9596,0.65203,0.86738,0.77734,1.355156862892944e-06,4796.6,False
2,58,0.13333,0.95655,0.63298,0.87576,0.78806,1.215024721741219e-06,4864.9,False
2,59,0.13255,0.95788,0.66359,0.86204,0.78165,1.0815327133708017e-06,4932.8,False
2,60,0.15037,0.95331,0.60565,0.87881,0.7842,9.549150281252635e-07,5001.0,False
2,61,0.1337,0.95807,0.63998,0.87043,0.76553,8.35393796449503e-07,5068.6,False
2,62,0.12945,0.95864,0.61532,0.875,0.79704,7.231786991974672e-07,5136.3,False
2,63,0.1364,0.95636,0.64612,0.86585,0.79035,6.184665997806823e-07,5204.8,False
2,64,0.12073,0.96093,0.6034,0.88262,0.80107,5.214411988029368e-07,5272.5,False
2,65,0.13442,0.95636,0.61416,0.87652,0.78415,4.3227271178699634e-07,5340.8,False
2,66,0.14172,0.95617,0.63255,0.87576,0.79077,3.5111757055874333e-07,5408.9,False
2,67,0.13093,0.95845,0.60577,0.88186,0.80345,2.781181488125951e-07,5477.1,False
2,68,0.1275,0.95883,0.60837,0.87957,0.79605,2.1340251233966386e-07,5545.1,False
2,69,0.11943,0.96112,0.63194,0.87424,0.7918,1.5708419435684468e-07,5613.6,False
2,70,0.1342,0.95388,0.61272,0.87652,0.79377,1.0926199633097214e-07,5681.7,False
2,71,0.12766,0.96303,0.62468,0.87729,0.79704,7.001981464747511e-08,5749.2,False
2,72,0.11946,0.96379,0.61641,0.88415,0.80346,3.942649342761118e-08,5817.3,False
2,73,0.13597,0.95693,0.60145,0.87424,0.79251,1.7535703752478153e-08,5885.5,False
2,74,0.12697,0.95921,0.60978,0.88262,0.79843,4.385849505708084e-09,5953.1,False
2,75,0.13067,0.95826,0.60741,0.87881,0.79997,0.0,6021.2,False
