test_index,true,predicted,confidence,margin,true_class_prob,true_rank
3,coral,seaAnemone,1.0,1.0,0.0,4
1276,seaAnemone,seaUrchin,1.0,1.0,0.0,3
440,fish,turtle,1.0,1.0,0.0,3
1031,flatworm,seaSlug,1.0,1.0,0.0,3
505,fish,shark,1.0,1.0,0.0,2
1480,shrimp,crab,1.0,0.9999,0.0,2
1047,jellyfish,seaUrchin,0.9999,0.9998,1e-04,2
1034,flatworm,turtle,0.9999,0.9998,0.0,8
217,coral,eel,0.9999,0.9998,0.0,3
724,fish,eel,0.9999,0.9998,1e-04,3
944,fish,eel,0.9998,0.9997,1e-04,2
718,fish,fishInGroups,0.9998,0.9997,1e-04,2
551,fish,eel,0.9998,0.9996,0.0002,2
1425,seaSlug,flatworm,0.9996,0.9991,0.0004,2
293,coral,seaUrchin,0.9996,0.9992,0.0003,2
56,coral,eel,0.9995,0.999,0.0,4
73,coral,fish,0.9981,0.9975,0.0005,4
329,coral,seaUrchin,0.9965,0.9944,0.0021,2
595,fish,fishInGroups,0.996,0.9929,0.0031,2
1391,seaAnemone,fish,0.9954,0.9909,0.0046,2
857,fish,eel,0.9937,0.9883,0.0055,2
316,coral,seaUrchin,0.9934,0.9909,0.0025,2
1061,marine_dolphin,fishInGroups,0.9933,0.9876,0.0,6
17,coral,seaAnemone,0.9927,0.9873,0.0053,2
593,fish,fishInGroups,0.9922,0.9855,0.0009,3
974,fishInGroups,seaUrchin,0.9909,0.9854,0.0055,2
460,fish,squid,0.9902,0.9811,0.0092,2
95,coral,diver,0.9901,0.9848,0.0032,3
1377,seaAnemone,coral,0.9889,0.9783,0.0105,2
288,coral,fishInGroups,0.9885,0.9774,1e-04,4
492,fish,crab,0.9885,0.985,0.0016,5
1005,fishInGroups,diver,0.9877,0.9778,0.0099,2
252,coral,seaAnemone,0.9862,0.9803,0.0059,2
624,fish,fishInGroups,0.9846,0.9702,0.0005,3
1366,seaAnemone,fish,0.9841,0.9689,0.0151,2
1605,turtle,shark,0.981,0.9658,0.0152,2
1388,seaAnemone,fishInGroups,0.9806,0.9642,0.0,4
887,fish,seaAnemone,0.9801,0.968,0.0073,3
1022,fishInGroups,shark,0.9773,0.9598,0.0041,3
586,fish,coral,0.9764,0.957,0.0194,2
115,coral,seaAnemone,0.9763,0.959,0.0059,3
938,fish,eel,0.975,0.9542,0.0014,3
1127,rayfish,turtle,0.9732,0.9482,0.0249,2
700,fish,seaUrchin,0.9719,0.944,0.0279,2
1529,starfish,fish,0.9673,0.9414,0.026,2
1076,octopus,fish,0.9647,0.9297,0.0,6
543,fish,turtle,0.9643,0.9372,0.0271,2
43,coral,fish,0.9621,0.929,0.0017,4
1213,seaAnemone,coral,0.9604,0.9367,0.0237,2
546,fish,rayfish,0.9578,0.9168,0.041,2
557,fish,diver,0.9568,0.943,0.0069,4
108,coral,fish,0.9545,0.9335,0.021,2
347,coral,fishInGroups,0.9544,0.9211,0.0117,3
1103,rayfish,squid,0.9487,0.9198,1e-04,6
878,fish,fishInGroups,0.9479,0.9275,0.0203,2
956,fishInGroups,fish,0.9464,0.898,0.0484,2
1048,jellyfish,seaAnemone,0.944,0.8912,0.0529,2
1426,seaSlug,fish,0.9393,0.9181,0.0089,4
726,fish,seaAnemone,0.9352,0.8735,0.0616,2
1094,rayfish,marine_dolphin,0.9335,0.8901,0.0191,3
1210,seaAnemone,fish,0.9316,0.8673,0.0643,2
1199,seaAnemone,fish,0.9309,0.8632,0.0007,3
14,coral,seaAnemone,0.9282,0.8643,0.0639,2
483,fish,seaCucumber,0.9276,0.8787,0.0489,2
795,fish,seaAnemone,0.9238,0.8511,0.0728,2
833,fish,coral,0.9187,0.8514,0.0121,3
1032,flatworm,seaSlug,0.9164,0.8328,0.0836,2
388,eel,fish,0.9163,0.8457,0.0706,2
104,coral,fishInGroups,0.9115,0.8244,0.0872,2
980,fishInGroups,fish,0.8999,0.8112,0.0887,2
599,fish,fishInGroups,0.8986,0.8045,0.094,2
1604,turtle,fishInGroups,0.8947,0.8379,0.0567,2
1173,rayfish,seaSlug,0.8933,0.8486,0.0383,3
425,fish,eel,0.8929,0.7866,0.1063,2
341,coral,starfish,0.8894,0.7959,0.0935,2
1555,turtle,fish,0.8858,0.8224,0.0003,7
501,fish,eel,0.8794,0.7674,0.112,2
430,fish,fishInGroups,0.8774,0.7763,0.0168,3
1564,turtle,rayfish,0.8717,0.7822,0.0007,7
392,eel,fish,0.8642,0.7297,0.0002,5
1066,marine_dolphin,shark,0.8637,0.7288,0.0,6
493,fish,fishInGroups,0.8612,0.7998,0.0614,2
399,eel,crab,0.8611,0.7958,0.0005,15
204,coral,fish,0.8593,0.7305,0.1288,2
452,fish,eel,0.8587,0.724,0.1347,2
522,fish,eel,0.8535,0.7479,0.1056,2
160,coral,rayfish,0.8511,0.7026,0.1485,2
335,coral,seaAnemone,0.8497,0.727,0.1227,2
1015,fishInGroups,fish,0.8496,0.7312,0.1184,2
606,fish,rayfish,0.8486,0.7085,0.1401,2
901,fish,jellyfish,0.8478,0.7677,0.0691,3
1577,turtle,coral,0.8476,0.7746,0.0603,3
120,coral,seaAnemone,0.8472,0.7634,0.0839,2
1009,fishInGroups,fish,0.8452,0.6906,0.1546,2
1352,seaAnemone,coral,0.8418,0.7721,0.0697,2
27,coral,seaAnemone,0.836,0.7011,0.135,2
1140,rayfish,turtle,0.8346,0.7206,0.114,2
80,coral,seaAnemone,0.8335,0.7446,0.0889,2
890,fish,seaAnemone,0.8323,0.7056,0.1267,2
994,fishInGroups,fish,0.8318,0.6907,0.1412,2
20,coral,fishInGroups,0.8284,0.7416,0.0742,3
1165,rayfish,shark,0.8274,0.6553,0.1721,2
1350,seaAnemone,coral,0.8254,0.758,0.0673,2
850,fish,seaAnemone,0.8254,0.694,0.1314,2
23,coral,seaAnemone,0.8209,0.6622,0.015,3
192,coral,rayfish,0.819,0.6382,0.1808,2
967,fishInGroups,fish,0.8167,0.737,0.0028,10
22,coral,fish,0.8136,0.6457,0.0153,3
476,fish,shark,0.8122,0.6283,0.1839,2
424,fish,coral,0.812,0.6975,0.0311,3
1370,seaAnemone,fish,0.8114,0.7314,0.0782,3
245,coral,fishInGroups,0.8105,0.7321,0.0357,3
1402,seaCucumber,eel,0.8096,0.7398,0.0664,3
1532,starfish,eel,0.8079,0.7434,0.0485,3
1340,seaAnemone,coral,0.8075,0.7053,0.1022,2
1466,shark,rayfish,0.8072,0.6476,0.0183,3
1024,flatworm,seaSlug,0.8067,0.7068,0.0859,3
1598,turtle,fishInGroups,0.8021,0.6635,0.1386,2
1372,seaAnemone,fishInGroups,0.8018,0.7131,0.0825,3
1401,seaCucumber,eel,0.7963,0.5944,0.2019,2
307,coral,seaUrchin,0.7873,0.5994,0.1879,2
680,fish,eel,0.7853,0.5709,0.2144,2
1116,rayfish,fish,0.7846,0.5961,0.1885,2
1475,shrimp,eel,0.7809,0.6571,0.0268,4
932,fish,fishInGroups,0.7794,0.5593,0.2201,2
955,fishInGroups,fish,0.7791,0.5582,0.2208,2
1575,turtle,rayfish,0.7781,0.6349,0.0614,3
485,fish,fishInGroups,0.776,0.5521,0.2239,2
959,fishInGroups,fish,0.7731,0.5607,0.2123,2
1420,seaSlug,fish,0.7698,0.5471,0.0054,3
1443,seaUrchin,coral,0.7691,0.6542,0.0658,3
21,coral,rayfish,0.7688,0.5891,0.1797,2
587,fish,coral,0.7683,0.6191,0.0454,3
118,coral,fishInGroups,0.7614,0.5599,0.2015,2
1408,seaSlug,coral,0.7604,0.6183,0.0121,6
427,fish,seaUrchin,0.7567,0.5295,0.2272,2
1547,turtle,eel,0.7528,0.6293,0.0087,4
1194,seaAnemone,fish,0.7517,0.5079,0.2438,2
147,coral,rayfish,0.7512,0.5614,0.1898,2
449,fish,shark,0.7497,0.5099,0.2399,2
1062,marine_dolphin,shark,0.7396,0.4803,0.2592,2
439,fish,fishInGroups,0.7369,0.581,0.0518,3
1353,seaAnemone,coral,0.7357,0.5495,0.0648,3
1064,marine_dolphin,turtle,0.7353,0.4965,0.2387,2
1411,seaSlug,flatworm,0.734,0.658,0.0595,3
840,fish,seaAnemone,0.7326,0.4654,0.2671,2
325,coral,fish,0.7271,0.4564,0.0008,3
948,fish,fishInGroups,0.7237,0.4482,0.2754,2
569,fish,seaSlug,0.7202,0.441,0.2791,2
1587,turtle,fish,0.7201,0.6368,0.0029,9
189,coral,fish,0.7197,0.466,0.0127,3
556,fish,rayfish,0.7189,0.462,0.2569,2
1063,marine_dolphin,fishInGroups,0.7163,0.4854,0.0145,4
1036,jellyfish,fish,0.7133,0.4634,0.2499,2
419,fish,fishInGroups,0.7099,0.5344,0.095,3
1468,shark,marine_dolphin,0.7096,0.4997,0.0032,4
970,fishInGroups,coral,0.7055,0.4315,0.274,2
310,coral,fishInGroups,0.7037,0.4162,0.2875,2
97,coral,fishInGroups,0.7012,0.4759,0.2254,2
803,fish,seaAnemone,0.6994,0.4007,0.2987,2
1364,seaAnemone,seaUrchin,0.6956,0.4716,0.224,2
482,fish,seaAnemone,0.6911,0.4585,0.2325,2
582,fish,fishInGroups,0.6905,0.4338,0.0479,3
1424,seaSlug,flatworm,0.6823,0.365,0.3172,2
134,coral,eel,0.6823,0.592,0.034,5
24,coral,seaAnemone,0.6808,0.4916,0.1891,2
1497,starfish,fishInGroups,0.6797,0.5618,0.0311,5
973,fishInGroups,coral,0.6775,0.5497,0.1278,2
1283,seaAnemone,coral,0.6752,0.4766,0.1225,3
123,coral,eel,0.6717,0.5536,0.1181,2
342,coral,seaSlug,0.6712,0.4498,0.0123,5
611,fish,seaSlug,0.6693,0.3428,0.3265,2
412,eel,fish,0.6669,0.4762,0.1292,3
474,fish,seaAnemone,0.6638,0.4318,0.232,2
893,fish,fishInGroups,0.6606,0.4886,0.172,2
574,fish,fishInGroups,0.6537,0.3145,0.3392,2
941,fish,eel,0.6535,0.3623,0.2912,2
458,fish,fishInGroups,0.652,0.3054,0.3466,2
958,fishInGroups,coral,0.6483,0.3321,0.3162,2
563,fish,coral,0.6453,0.5064,0.0508,4
1279,seaAnemone,fish,0.642,0.3076,0.3344,2
1011,fishInGroups,rayfish,0.6417,0.4804,0.0184,6
90,coral,seaAnemone,0.6373,0.3771,0.1006,3
758,fish,shark,0.6345,0.3754,0.2592,2
285,coral,seaUrchin,0.6326,0.4008,0.0012,6
1168,rayfish,coral,0.6322,0.548,0.0188,7
823,fish,coral,0.6257,0.4388,0.1319,3
1396,seaAnemone,fishInGroups,0.6247,0.4654,0.0958,4
468,fish,eel,0.6242,0.2585,0.3657,2
171,coral,seaAnemone,0.6228,0.4113,0.1493,3
16,coral,fish,0.6198,0.3518,0.1066,3
1239,seaAnemone,rayfish,0.6163,0.4665,0.0333,5
1013,fishInGroups,coral,0.6067,0.2544,0.3523,2
1328,seaAnemone,coral,0.606,0.3071,0.2988,2
715,fish,fishInGroups,0.5995,0.2002,0.3993,2
242,coral,eel,0.5921,0.518,0.0741,2
529,fish,fishInGroups,0.5856,0.1729,0.4127,2
280,coral,fishInGroups,0.5822,0.1697,0.4125,2
88,coral,rayfish,0.5778,0.3016,0.0517,4
1205,seaAnemone,fish,0.5771,0.1572,0.4199,2
1273,seaAnemone,seaUrchin,0.5767,0.184,0.3927,2
50,coral,seaAnemone,0.5743,0.2103,0.364,2
76,coral,fish,0.5736,0.3028,0.1472,3
106,coral,fish,0.5707,0.2168,0.354,2
983,fishInGroups,coral,0.5593,0.2147,0.3446,2
2,coral,seaAnemone,0.5536,0.3848,0.0941,3
465,fish,seaSlug,0.5518,0.1058,0.4461,2
12,coral,fishInGroups,0.5508,0.3284,0.2224,2
577,fish,fishInGroups,0.5507,0.1497,0.0265,3
1552,turtle,eel,0.5434,0.3231,0.0197,4
431,fish,shark,0.5429,0.1303,0.4126,2
200,coral,eel,0.5355,0.2555,0.28,2
470,fish,marine_dolphin,0.5323,0.1657,0.3667,2
1359,seaAnemone,coral,0.5313,0.2066,0.3247,2
111,coral,fishInGroups,0.5299,0.3089,0.0605,5
1072,octopus,coral,0.5269,0.3101,0.0647,3
45,coral,starfish,0.5264,0.3398,0.1165,3
1465,shark,turtle,0.516,0.0338,0.4822,2
1,coral,fish,0.5111,0.2333,0.0404,4
18,coral,fish,0.51,0.12,0.0815,3
277,coral,fishInGroups,0.5091,0.2894,0.2197,2
722,fish,seaAnemone,0.5068,0.0415,0.4654,2
594,fish,rayfish,0.5039,0.1303,0.3736,2
535,fish,fishInGroups,0.5031,0.0227,0.4805,2
437,fish,seaAnemone,0.4991,0.1401,0.359,2
1003,fishInGroups,coral,0.4941,0.0005,0.4936,2
1017,fishInGroups,fish,0.4915,0.013,0.4785,2
957,fishInGroups,fish,0.4912,0.058,0.4332,2
421,fish,shark,0.4854,0.2236,0.2618,2
1163,rayfish,shark,0.4826,0.0138,0.4687,2
119,coral,seaAnemone,0.4816,0.1299,0.1392,3
98,coral,seaSlug,0.4774,0.276,0.0721,4
51,coral,fishInGroups,0.4766,0.0353,0.4413,2
177,coral,fishInGroups,0.4692,0.1173,0.352,2
1156,rayfish,fish,0.4651,0.1299,0.1703,3
96,coral,fishInGroups,0.4647,0.102,0.3627,2
1316,seaAnemone,seaUrchin,0.457,0.1405,0.0338,5
383,eel,fishInGroups,0.4525,0.3293,0.1117,3
83,coral,fish,0.4491,0.0478,0.1443,3
346,coral,eel,0.4428,0.1226,0.3202,2
298,coral,flatworm,0.4399,0.0343,0.4056,2
484,fish,marine_dolphin,0.4329,0.231,0.1746,4
515,fish,rayfish,0.4319,0.2669,0.0146,7
372,eel,starfish,0.4233,0.1428,0.017,8
1192,seaAnemone,coral,0.4107,0.1281,0.2826,2
436,fish,eel,0.4099,0.164,0.1465,3
309,coral,fishInGroups,0.4084,0.0965,0.2402,3
281,coral,fishInGroups,0.4002,0.0134,0.3868,2
32,coral,rayfish,0.4,0.1635,0.2364,2
284,coral,fish,0.397,0.1128,0.2783,3
1203,seaAnemone,fish,0.3841,0.0371,0.347,2
1201,seaAnemone,coral,0.3829,0.0803,0.3025,2
1075,octopus,seaAnemone,0.3597,0.0634,0.0888,4
313,coral,eel,0.3433,0.0722,0.271,2
1558,turtle,fish,0.3357,0.0149,0.0726,5
1027,flatworm,seaSlug,0.3293,0.1336,0.0163,10
1494,squid,fish,0.3288,0.1346,0.005,11
588,fish,octopus,0.3243,0.1476,0.0886,5
343,coral,seaCucumber,0.3155,0.0589,0.2566,2
1348,seaAnemone,crab,0.2908,0.1229,0.115,4
1403,seaCucumber,coral,0.2832,0.0104,0.2728,2
1175,rayfish,diver,0.2721,0.0665,0.0937,5
600,fish,fishInGroups,0.2576,0.0362,0.1316,4
